{
  "domain": "FashionIQ",
  "category": "dress",
  "num_queries": 64,
  "metrics": {
    "query_logvar_mean": {
      "count": 64,
      "mean": -7.306854248046875,
      "std": 8.429369557916289e-08,
      "min": -7.306854248046875,
      "p05": -7.306854248046875,
      "p25": -7.306854248046875,
      "median": -7.306854248046875,
      "p75": -7.306854248046875,
      "p95": -7.306854248046875,
      "max": -7.306853771209717
    },
    "query_std_mean": {
      "count": 64,
      "mean": 0.025902215391397476,
      "std": 3.804484283165266e-09,
      "min": 0.025902217254042625,
      "p05": 0.025902217254042625,
      "p25": 0.025902217254042625,
      "median": 0.025902217254042625,
      "p75": 0.025902220979332924,
      "p95": 0.025902220979332924,
      "max": 0.025902220979332924
    },
    "query_var_trace": {
      "count": 64,
      "mean": 0.515270471572876,
      "std": 8.26309332069286e-08,
      "min": 0.5152702331542969,
      "p05": 0.5152703523635864,
      "p25": 0.5152703523635864,
      "median": 0.5152704119682312,
      "p75": 0.515270471572876,
      "p95": 0.515270471572876,
      "max": 0.515270471572876
    },
    "target_logvar_mean": {
      "count": 64,
      "mean": -8.0,
      "std": 2.0647654253025394e-07,
      "min": -8.000000953674316,
      "p05": -8.0,
      "p25": -8.0,
      "median": -8.0,
      "p75": -8.0,
      "p95": -8.0,
      "max": -8.0
    },
    "target_std_mean": {
      "count": 64,
      "mean": 0.0183156356215477,
      "std": 2.3858042208502184e-09,
      "min": 0.01831563375890255,
      "p05": 0.01831563375890255,
      "p25": 0.018315637484192848,
      "median": 0.018315637484192848,
      "p75": 0.018315637484192848,
      "p95": 0.018315639346837997,
      "max": 0.018315641209483147
    },
    "target_var_trace": {
      "count": 64,
      "mean": 0.25763511657714844,
      "std": 5.475036246593845e-08,
      "min": 0.2576349973678589,
      "p05": 0.25763505697250366,
      "p25": 0.25763511657714844,
      "median": 0.2576351463794708,
      "p75": 0.2576351761817932,
      "p95": 0.2576352059841156,
      "max": 0.257635235786438
    },
    "rank": {
      "count": 64,
      "mean": 3.609375,
      "std": 4.833532333374023,
      "min": 1.0,
      "p05": 1.0,
      "p25": 1.0,
      "median": 1.0,
      "p75": 4.0,
      "p95": 12.0,
      "max": 24.0
    },
    "hit10": {
      "count": 64,
      "mean": 0.90625,
      "std": 0.2914806008338928,
      "min": 0.0,
      "p05": 0.0,
      "p25": 1.0,
      "median": 1.0,
      "p75": 1.0,
      "p95": 1.0,
      "max": 1.0
    },
    "hit50": {
      "count": 64,
      "mean": 1.0,
      "std": 0.0,
      "min": 1.0,
      "p05": 1.0,
      "p25": 1.0,
      "median": 1.0,
      "p75": 1.0,
      "p95": 1.0,
      "max": 1.0
    },
    "top1_margin": {
      "count": 64,
      "mean": 0.07499318569898605,
      "std": 0.0625552386045456,
      "min": 0.0004290342330932617,
      "p05": 0.0026331960689276457,
      "p25": 0.026219993829727173,
      "median": 0.055803120136260986,
      "p75": 0.11505872011184692,
      "p95": 0.1780707687139511,
      "max": 0.27976953983306885
    },
    "top10_entropy": {
      "count": 64,
      "mean": 2.2995529174804688,
      "std": 0.0020977691747248173,
      "min": 2.293426752090454,
      "p05": 2.2954049110412598,
      "p25": 2.2984073162078857,
      "median": 2.2999114990234375,
      "p75": 2.3010284900665283,
      "p95": 2.3019509315490723,
      "max": 2.30237078666687
    },
    "gt_distance": {
      "count": 64,
      "mean": 1.385268211364746,
      "std": 0.12303898483514786,
      "min": 1.154516577720642,
      "p05": 1.1960930824279785,
      "p25": 1.3021240234375,
      "median": 1.3864587545394897,
      "p75": 1.4599529504776,
      "p95": 1.5914907455444336,
      "max": 1.6594433784484863
    },
    "top1_distance": {
      "count": 64,
      "mean": 1.3388886451721191,
      "std": 0.07831496000289917,
      "min": 1.154516577720642,
      "p05": 1.1960930824279785,
      "p25": 1.2980161905288696,
      "median": 1.3494235277175903,
      "p75": 1.3942575454711914,
      "p95": 1.4454749822616577,
      "max": 1.4882203340530396
    }
  },
  "recall": {
    "R10": 90.625,
    "R50": 100.0
  },
  "correlations": {
    "query_std_mean_vs_rank": 0.0236163679510355,
    "query_std_mean_vs_hit10": -0.03198595345020294,
    "query_var_trace_vs_rank": 0.03639807179570198,
    "top10_entropy_vs_rank": 0.414817750453949,
    "top1_margin_vs_hit10": 0.22046023607254028
  },
  "checkpoint": "ACL25-CoPE/checkpoints/fiq_dress/best_model",
  "num_targets": 64,
  "settings": {
    "command": "cope-fashioniq",
    "config": "/media/pc/fa8cd839-121b-4df4-9c0c-0958d9216d28/2025.2/ACL25-CoPE/config_fiq_paper.yaml",
    "data_path": "ACL25-CoPE/fashionIQ_dataset",
    "checkpoint": "ACL25-CoPE/checkpoints/fiq_dress/best_model",
    "category": "dress",
    "device": "cpu",
    "batch_size": 8,
    "num_workers": 0,
    "max_queries": 64,
    "max_targets": 64,
    "local_files_only": true,
    "output_dir": "Composed_Person_Retrieval/FAFA_SynCPR/experiments/uncertainty/cope_fashioniq_dress_subset"
  }
}