{
  "domain": "SynCPR/FAFA proxy",
  "num_pairs": 16384,
  "metrics": {
    "positive_score": {
      "count": 16384,
      "mean": 0.6761875152587891,
      "std": 0.041058678179979324,
      "min": 0.4098762273788452,
      "p05": 0.6026568412780762,
      "p25": 0.6524882316589355,
      "median": 0.6802167892456055,
      "p75": 0.704152524471283,
      "p95": 0.7358701229095459,
      "max": 0.800772488117218
    },
    "hard_negative_score": {
      "count": 16384,
      "mean": 0.678041398525238,
      "std": 0.06208029016852379,
      "min": 0.3567390739917755,
      "p05": 0.5726513862609863,
      "p25": 0.640541672706604,
      "median": 0.6801859140396118,
      "p75": 0.7226454019546509,
      "p95": 0.7718852758407593,
      "max": 0.835192859172821
    },
    "margin": {
      "count": 16384,
      "mean": -0.0018539470620453358,
      "std": 0.06613028794527054,
      "min": -0.36608776450157166,
      "p05": -0.11417564749717712,
      "p25": -0.03850981593132019,
      "median": 0.0002880394458770752,
      "p75": 0.03603902459144592,
      "p95": 0.10030823200941086,
      "max": 0.28440409898757935
    },
    "top10_entropy": {
      "count": 16384,
      "mean": 2.297809600830078,
      "std": 0.002349619986489415,
      "min": 2.2828850746154785,
      "p05": 2.293532609939575,
      "p25": 2.2964463233947754,
      "median": 2.2981033325195312,
      "p75": 2.2995142936706543,
      "p95": 2.3010945320129395,
      "max": 2.3025543689727783
    },
    "positive_token_std": {
      "count": 16384,
      "mean": 0.015702852979302406,
      "std": 0.007368197198957205,
      "min": 0.0014316031010821462,
      "p05": 0.005878281779587269,
      "p25": 0.010226061567664146,
      "median": 0.014572590589523315,
      "p75": 0.019978247582912445,
      "p95": 0.02954419143497944,
      "max": 0.056342292577028275
    },
    "rank_within_shard": {
      "count": 16384,
      "mean": 1.70623779296875,
      "std": 0.9487322568893433,
      "min": 1.0,
      "p05": 1.0,
      "p25": 1.0,
      "median": 1.0,
      "p75": 2.0,
      "p95": 4.0,
      "max": 14.0
    },
    "hit1_within_shard": {
      "count": 16384,
      "mean": 0.50177001953125,
      "std": 0.4999968707561493,
      "min": 0.0,
      "p05": 0.0,
      "p25": 0.0,
      "median": 1.0,
      "p75": 1.0,
      "p95": 1.0,
      "max": 1.0
    }
  },
  "hit1_within_shard": 50.177001953125,
  "correlations": {
    "margin_vs_hit1": 0.7465330958366394,
    "top10_entropy_vs_hit1": 0.3241562843322754,
    "positive_token_std_vs_hit1": 0.23013973236083984,
    "positive_token_std_vs_margin": 0.24367128312587738
  },
  "settings": {
    "command": "fafa-syncpr",
    "syncpr_features": "experiments/fafa_pretrained/syncpr_features",
    "device": "cuda",
    "fda_k": 6,
    "topk": 32,
    "max_shards": 8,
    "max_rows_per_shard": 2048,
    "output_dir": "experiments/uncertainty/fafa_syncpr_proxy"
  }
}