{
    "model": "tuned_recall_at1_step.pt",
    "dataset": "itcpr",
    "fda_k": 6,
    "fda_alpha": 0.5,
    "fd_margin": 0.5,
    "recall_at_1": 46.63941955566406,
    "recall_at_5": 66.21253204345703,
    "recall_at_10": 73.2969970703125,
    "mAP": 55.682456970214844
}