{
  "domain": "FashionIQ",
  "category": "dress",
  "num_queries": 64,
  "metrics": {
    "query_logvar_mean": {
      "count": 64,
      "mean": -7.306854248046875,
      "std": 3.039252476355614e-07,
      "min": -7.306854248046875,
      "p05": -7.306854248046875,
      "p25": -7.306854248046875,
      "median": -7.306854248046875,
      "p75": -7.306853771209717,
      "p95": -7.306853771209717,
      "max": -7.306853771209717
    },
    "query_std_mean": {
      "count": 64,
      "mean": 0.025902222841978073,
      "std": 2.0297705738414606e-09,
      "min": 0.025902219116687775,
      "p05": 0.025902219116687775,
      "p25": 0.025902220979332924,
      "median": 0.025902220979332924,
      "p75": 0.025902220979332924,
      "p95": 0.025902220979332924,
      "max": 0.025902220979332924
    },
    "query_var_trace": {
      "count": 64,
      "mean": 0.515270471572876,
      "std": 0.0,
      "min": 0.515270471572876,
      "p05": 0.515270471572876,
      "p25": 0.515270471572876,
      "median": 0.515270471572876,
      "p75": 0.515270471572876,
      "p95": 0.515270471572876,
      "max": 0.515270471572876
    },
    "target_logvar_mean": {
      "count": 64,
      "mean": -8.0,
      "std": 0.0,
      "min": -8.0,
      "p05": -8.0,
      "p25": -8.0,
      "median": -8.0,
      "p75": -8.0,
      "p95": -8.0,
      "max": -8.0
    },
    "target_std_mean": {
      "count": 64,
      "mean": 0.018315641209483147,
      "std": 0.0,
      "min": 0.018315641209483147,
      "p05": 0.018315641209483147,
      "p25": 0.018315641209483147,
      "median": 0.018315641209483147,
      "p75": 0.018315641209483147,
      "p95": 0.018315641209483147,
      "max": 0.018315641209483147
    },
    "target_var_trace": {
      "count": 64,
      "mean": 0.257635235786438,
      "std": 0.0,
      "min": 0.257635235786438,
      "p05": 0.257635235786438,
      "p25": 0.257635235786438,
      "median": 0.257635235786438,
      "p75": 0.257635235786438,
      "p95": 0.257635235786438,
      "max": 0.257635235786438
    },
    "rank": {
      "count": 64,
      "mean": 3.015625,
      "std": 4.553474426269531,
      "min": 1.0,
      "p05": 1.0,
      "p25": 1.0,
      "median": 1.0,
      "p75": 3.0,
      "p95": 10.849998474121094,
      "max": 28.0
    },
    "hit10": {
      "count": 64,
      "mean": 0.9375,
      "std": 0.24206146597862244,
      "min": 0.0,
      "p05": 0.15000009536743164,
      "p25": 1.0,
      "median": 1.0,
      "p75": 1.0,
      "p95": 1.0,
      "max": 1.0
    },
    "hit50": {
      "count": 64,
      "mean": 1.0,
      "std": 0.0,
      "min": 1.0,
      "p05": 1.0,
      "p25": 1.0,
      "median": 1.0,
      "p75": 1.0,
      "p95": 1.0,
      "max": 1.0
    },
    "top1_margin": {
      "count": 64,
      "mean": 0.03513175994157791,
      "std": 0.03525218740105629,
      "min": 0.00018334388732910156,
      "p05": 0.0014111639466136694,
      "p25": 0.00821751356124878,
      "median": 0.023919343948364258,
      "p75": 0.047152936458587646,
      "p95": 0.10158450156450272,
      "max": 0.15832316875457764
    },
    "top10_entropy": {
      "count": 64,
      "mean": 2.3018720149993896,
      "std": 0.0006488466169685125,
      "min": 2.299387216567993,
      "p05": 2.3005459308624268,
      "p25": 2.301703691482544,
      "median": 2.3019890785217285,
      "p75": 2.3023524284362793,
      "p95": 2.3024837970733643,
      "max": 2.302537679672241
    },
    "gt_distance": {
      "count": 64,
      "mean": 1.401604175567627,
      "std": 0.07201918214559555,
      "min": 1.2638568878173828,
      "p05": 1.284175157546997,
      "p25": 1.3564260005950928,
      "median": 1.3859734535217285,
      "p75": 1.4394278526306152,
      "p95": 1.5106291770935059,
      "max": 1.5918858051300049
    },
    "top1_distance": {
      "count": 64,
      "mean": 1.3842219114303589,
      "std": 0.05740397423505783,
      "min": 1.2633613348007202,
      "p05": 1.2811347246170044,
      "p25": 1.3542070388793945,
      "median": 1.3766422271728516,
      "p75": 1.4273462295532227,
      "p95": 1.4902523756027222,
      "max": 1.5108754634857178
    }
  },
  "recall": {
    "R10": 93.75,
    "R50": 100.0
  },
  "correlations": {
    "query_std_mean_vs_rank": -0.04388793930411339,
    "query_std_mean_vs_hit10": 0.04442616179585457,
    "query_var_trace_vs_rank": null,
    "top10_entropy_vs_rank": 0.20635069906711578,
    "top1_margin_vs_hit10": 0.1684475839138031
  },
  "checkpoint": "ACL25-CoPE/checkpoints/fiq_dress_paper_fix_distance/best_model",
  "num_targets": 64,
  "settings": {
    "command": "cope-fashioniq",
    "config": "/media/pc/fa8cd839-121b-4df4-9c0c-0958d9216d28/2025.2/ACL25-CoPE/config_fiq_paper.yaml",
    "data_path": "ACL25-CoPE/fashionIQ_dataset",
    "checkpoint": "ACL25-CoPE/checkpoints/fiq_dress_paper_fix_distance/best_model",
    "category": "dress",
    "device": "cpu",
    "batch_size": 8,
    "num_workers": 0,
    "max_queries": 64,
    "max_targets": 64,
    "local_files_only": true,
    "output_dir": "Composed_Person_Retrieval/FAFA_SynCPR/experiments/uncertainty/cope_fashioniq_dress_fix_distance_subset"
  }
}