{
  "domain": "SynCPR/FAFA proxy",
  "num_pairs": 256,
  "metrics": {
    "positive_score": {
      "count": 256,
      "mean": 0.6786510944366455,
      "std": 0.04031123220920563,
      "min": 0.5316932201385498,
      "p05": 0.6147682070732117,
      "p25": 0.6549351811408997,
      "median": 0.6828582286834717,
      "p75": 0.7082362771034241,
      "p95": 0.7364063262939453,
      "max": 0.7819068431854248
    },
    "hard_negative_score": {
      "count": 256,
      "mean": 0.6867085099220276,
      "std": 0.06625305861234665,
      "min": 0.33440685272216797,
      "p05": 0.5834486484527588,
      "p25": 0.6485416889190674,
      "median": 0.6865280866622925,
      "p75": 0.7393843531608582,
      "p95": 0.7743484973907471,
      "max": 0.8058950901031494
    },
    "margin": {
      "count": 256,
      "mean": -0.00805741734802723,
      "std": 0.06896024197340012,
      "min": -0.1912481188774109,
      "p05": -0.11132900416851044,
      "p25": -0.04975596070289612,
      "median": -0.007243752479553223,
      "p75": 0.0302516371011734,
      "p95": 0.10241113603115082,
      "max": 0.3023408055305481
    },
    "top10_entropy": {
      "count": 256,
      "mean": 2.292398691177368,
      "std": 0.004483075346797705,
      "min": 2.2787156105041504,
      "p05": 2.284468412399292,
      "p25": 2.2894177436828613,
      "median": 2.292921781539917,
      "p75": 2.2953619956970215,
      "p95": 2.2992920875549316,
      "max": 2.3017921447753906
    },
    "positive_token_std": {
      "count": 256,
      "mean": 0.014740741811692715,
      "std": 0.006893606390804052,
      "min": 0.0024655989836901426,
      "p05": 0.004905701149255037,
      "p25": 0.009354770183563232,
      "median": 0.013769548386335373,
      "p75": 0.019397886469960213,
      "p95": 0.026324378326535225,
      "max": 0.038805361837148666
    },
    "rank_within_shard": {
      "count": 256,
      "mean": 1.75390625,
      "std": 0.9468205571174622,
      "min": 1.0,
      "p05": 1.0,
      "p25": 1.0,
      "median": 2.0,
      "p75": 2.0,
      "p95": 3.0,
      "max": 7.0
    },
    "hit1_within_shard": {
      "count": 256,
      "mean": 0.46484375,
      "std": 0.4987625181674957,
      "min": 0.0,
      "p05": 0.0,
      "p25": 0.0,
      "median": 0.0,
      "p75": 1.0,
      "p95": 1.0,
      "max": 1.0
    }
  },
  "hit1_within_shard": 46.484375,
  "correlations": {
    "margin_vs_hit1": 0.745826780796051,
    "top10_entropy_vs_hit1": 0.3701061010360718,
    "positive_token_std_vs_hit1": 0.3013361692428589,
    "positive_token_std_vs_margin": 0.27614790201187134
  },
  "settings": {
    "command": "fafa-syncpr",
    "syncpr_features": "experiments/fafa_pretrained/syncpr_features",
    "device": "cuda",
    "fda_k": 6,
    "topk": 32,
    "max_shards": 1,
    "max_rows_per_shard": 256,
    "output_dir": "experiments/uncertainty/fafa_syncpr_proxy_smoke"
  }
}